"","GICS_INDUSTRY_GROUP","GICS_INDUSTRY_GROUP_NAME","LONG_COMPANY_NAME_REALTIME","NAME_RT"
"A UN Equity",3520,"Pharmaceuticals, Biotechnology","Agilent Technologies Inc","AGILENT TECHNOLOGIES INC"
"AIZ UN Equity",4030,"Insurance","Assurant Inc","ASSURANT INC"
"AEE UN Equity",5510,"Utilities","Ameren Corp","AMEREN CORPORATION"
"ACN UN Equity",4510,"Software & Services","Accenture PLC","ACCENTURE PLC-CL A"
"AKAM UW Equity",4510,"Software & Services","Akamai Technologies Inc","AKAMAI TECHNOLOGIES INC"
"ALL UN Equity",4030,"Insurance","Allstate Corp/The","ALLSTATE CORP"
"ALLE UN Equity",2010,"Capital Goods","Allegion PLC","ALLEGION PLC"
"AA UN Equity",1510,"Materials","Alcoa Inc","ALCOA INC"
"AAL UW Equity",2030,"Transportation","American Airlines Group Inc","AMERICAN AIRLINES GROUP INC"
"ADBE UW Equity",4510,"Software & Services","Adobe Systems Inc","ADOBE SYSTEMS INC"
"ADI UW Equity",4530,"Semiconductors & Semiconductor","Analog Devices Inc","ANALOG DEVICES INC"
"AEP UN Equity",5510,"Utilities","American Electric Power Co Inc","AMERICAN ELECTRIC POWER"
"AAP UN Equity",2550,"Retailing","Advance Auto Parts Inc","ADVANCE AUTO PARTS INC"
"ALXN UW Equity",3520,"Pharmaceuticals, Biotechnology","Alexion Pharmaceuticals Inc","ALEXION PHARMACEUTICALS INC"
"AES UN Equity",5510,"Utilities","AES Corp/VA","AES CORP"
"AET UN Equity",3510,"Health Care Equipment & Servic","Aetna Inc","AETNA INC"
"AAPL UW Equity",4520,"Technology Hardware & Equipmen","Apple Inc","APPLE INC"
"ADM UN Equity",3020,"Food Beverage & Tobacco","Archer-Daniels-Midland Co","ARCHER-DANIELS-MIDLAND CO"
"ABBV UN Equity",3520,"Pharmaceuticals, Biotechnology","AbbVie Inc","ABBVIE INC"
"ADP UW Equity",4510,"Software & Services","Automatic Data Processing Inc","AUTOMATIC DATA PROCESSING"
"AMAT UW Equity",4530,"Semiconductors & Semiconductor","Applied Materials Inc","APPLIED MATERIALS INC"
"ADS UN Equity",4510,"Software & Services","Alliance Data Systems Corp","ALLIANCE DATA SYSTEMS CORP"
"ABC UN Equity",3510,"Health Care Equipment & Servic","AmerisourceBergen Corp","AMERISOURCEBERGEN CORP"
"AME UN Equity",2010,"Capital Goods","AMETEK Inc","AMETEK INC"
"AFL UN Equity",4030,"Insurance","Aflac Inc","AFLAC INC"
"AGN UN Equity",3520,"Pharmaceuticals, Biotechnology","Allergan plc","ALLERGAN PLC"
"AMG UN Equity",4020,"Diversified Financials","Affiliated Managers Group Inc","AFFILIATED MANAGERS GROUP"
"ADSK UW Equity",4510,"Software & Services","Autodesk Inc","AUTODESK INC"
"ADT UN Equity",2020,"Commercial & Professional Serv","ADT Corp/The","ADT CORP/THE"
"ABT UN Equity",3510,"Health Care Equipment & Servic","Abbott Laboratories","ABBOTT LABORATORIES"
"AWK UN Equity",5510,"Utilities","American Water Works Co Inc","AMERICAN WATER WORKS CO INC"
"AIG UN Equity",4030,"Insurance","American International Group Inc","AMERICAN INTERNATIONAL GROUP"
"AMGN UW Equity",3520,"Pharmaceuticals, Biotechnology","Amgen Inc","AMGEN INC"
"AMP UN Equity",4020,"Diversified Financials","Ameriprise Financial Inc","AMERIPRISE FINANCIAL INC"
"APC UN Equity",1010,"Energy","Anadarko Petroleum Corp","ANADARKO PETROLEUM CORP"
"AXP UN Equity",4020,"Diversified Financials","American Express Co","AMERICAN EXPRESS CO"
"AIV UN Equity",4040,"Real Estate","Apartment Investment & Management Co","APARTMENT INVT & MGMT CO -A"
"AMT UN Equity",4040,"Real Estate","American Tower Corp","AMERICAN TOWER CORP"
"AMZN UW Equity",2550,"Retailing","Amazon.com Inc","AMAZON.COM INC"
"AZO UN Equity",2550,"Retailing","AutoZone Inc","AUTOZONE INC"
"APD UN Equity",1510,"Materials","Air Products & Chemicals Inc","AIR PRODUCTS & CHEMICALS INC"
"BBY UN Equity",2550,"Retailing","Best Buy Co Inc","BEST BUY CO INC"
"AN UN Equity",2550,"Retailing","AutoNation Inc","AUTONATION INC"
"ANTM UN Equity",3510,"Health Care Equipment & Servic","Anthem Inc","ANTHEM INC"
"APH UN Equity",4520,"Technology Hardware & Equipmen","Amphenol Corp","AMPHENOL CORP-CL A"
"BA UN Equity",2010,"Capital Goods","Boeing Co/The","BOEING CO/THE"
"BCR UN Equity",3510,"Health Care Equipment & Servic","CR Bard Inc","CR BARD INC"
"AON UN Equity",4030,"Insurance","Aon PLC","AON PLC"
"ARG UN Equity",1510,"Materials","Airgas Inc","AIRGAS INC"
"BAC UN Equity",4010,"Banks","Bank of America Corp","BANK OF AMERICA CORP"
"ATVI UW Equity",4510,"Software & Services","Activision Blizzard Inc","ACTIVISION BLIZZARD INC"
"BDX UN Equity",3510,"Health Care Equipment & Servic","Becton Dickinson and Co","BECTON DICKINSON AND CO"
"APA UN Equity",1010,"Energy","Apache Corp","APACHE CORP"
"AVB UN Equity",4040,"Real Estate","AvalonBay Communities Inc","AVALONBAY COMMUNITIES INC"
"BAX UN Equity",3510,"Health Care Equipment & Servic","Baxter International Inc","BAXTER INTERNATIONAL INC"
"AVGO UW Equity",4530,"Semiconductors & Semiconductor","Broadcom Ltd","BROADCOM LTD"
"BLK UN Equity",4020,"Diversified Financials","BlackRock Inc","BLACKROCK INC"
"BBBY UW Equity",2550,"Retailing","Bed Bath & Beyond Inc","BED BATH & BEYOND INC"
"BEN UN Equity",4020,"Diversified Financials","Franklin Resources Inc","FRANKLIN RESOURCES INC"
"AVY UN Equity",1510,"Materials","Avery Dennison Corp","AVERY DENNISON CORP"
"BLL UN Equity",1510,"Materials","Ball Corp","BALL CORP"
"BBT UN Equity",4010,"Banks","BB&T Corp","BB&T CORP"
"BF/B UN Equity",3020,"Food Beverage & Tobacco","Brown-Forman Corp","BROWN-FORMAN CORP-CLASS B"
"C UN Equity",4010,"Banks","Citigroup Inc","CITIGROUP INC"
"CCE UN Equity",3020,"Food Beverage & Tobacco","Coca-Cola Enterprises Inc","COCA-COLA ENTERPRISES"
"BMY UN Equity",3520,"Pharmaceuticals, Biotechnology","Bristol-Myers Squibb Co","BRISTOL-MYERS SQUIBB CO"
"CA UW Equity",4510,"Software & Services","CA Inc","CA INC"
"BHI UN Equity",1010,"Energy","Baker Hughes Inc","BAKER HUGHES INC"
"CCI UN Equity",4040,"Real Estate","Crown Castle International Corp","CROWN CASTLE INTL CORP"
"BRK/B UN Equity",4020,"Diversified Financials","Berkshire Hathaway Inc","BERKSHIRE HATHAWAY INC-CL B"
"BIIB UW Equity",3520,"Pharmaceuticals, Biotechnology","Biogen Inc","BIOGEN INC"
"CCL UN Equity",2530,"Consumer Services","Carnival Corp","CARNIVAL CORP"
"CAG UN Equity",3020,"Food Beverage & Tobacco","ConAgra Foods Inc","CONAGRA FOODS INC"
"BSX UN Equity",3510,"Health Care Equipment & Servic","Boston Scientific Corp","BOSTON SCIENTIFIC CORP"
"CAH UN Equity",3510,"Health Care Equipment & Servic","Cardinal Health Inc","CARDINAL HEALTH INC"
"BWA UN Equity",2510,"Automobiles & Components","BorgWarner Inc","BORGWARNER INC"
"BXLT UN Equity",3520,"Pharmaceuticals, Biotechnology","Baxalta Inc","BAXALTA INC"
"CELG UW Equity",3520,"Pharmaceuticals, Biotechnology","Celgene Corp","CELGENE CORP"
"BK UN Equity",4020,"Diversified Financials","Bank of New York Mellon Corp/The","BANK OF NEW YORK MELLON CORP"
"BXP UN Equity",4040,"Real Estate","Boston Properties Inc","BOSTON PROPERTIES INC"
"CME UW Equity",4020,"Diversified Financials","CME Group Inc/IL","CME GROUP INC"
"CMG UN Equity",2530,"Consumer Services","Chipotle Mexican Grill Inc","CHIPOTLE MEXICAN GRILL INC"
"CHK UN Equity",1010,"Energy","Chesapeake Energy Corp","CHESAPEAKE ENERGY CORP"
"CAT UN Equity",2010,"Capital Goods","Caterpillar Inc","CATERPILLAR INC"
"CERN UW Equity",3510,"Health Care Equipment & Servic","Cerner Corp","CERNER CORP"
"CHRW UW Equity",2030,"Transportation","CH Robinson Worldwide Inc","C.H. ROBINSON WORLDWIDE INC"
"CF UN Equity",1510,"Materials","CF Industries Holdings Inc","CF INDUSTRIES HOLDINGS INC"
"CFG UN Equity",4010,"Banks","Citizens Financial Group Inc","CITIZENS FINANCIAL GROUP"
"CB UN Equity",4030,"Insurance","Chubb Ltd","CHUBB LTD"
"CMI UN Equity",2010,"Capital Goods","Cummins Inc","CUMMINS INC"
"CBG UN Equity",4040,"Real Estate","CBRE Group Inc","CBRE GROUP INC - A"
"CHD UN Equity",3030,"Household & Personal Products","Church & Dwight Co Inc","CHURCH & DWIGHT CO INC"
"CBS UN Equity",2540,"Media","CBS Corp","CBS CORP-CLASS B NON VOTING"
"CSRA UN Equity",4510,"Software & Services","CSRA Inc","CSRA INC"
"CSX UW Equity",2030,"Transportation","CSX Corp","CSX CORP"
"CI UN Equity",3510,"Health Care Equipment & Servic","Cigna Corp","CIGNA CORP"
"COH UN Equity",2520,"Consumer Durables & Apparel","Coach Inc","COACH INC"
"COL UN Equity",2010,"Capital Goods","Rockwell Collins Inc","ROCKWELL COLLINS INC"
"CMS UN Equity",5510,"Utilities","CMS Energy Corp","CMS ENERGY CORP"
"CNC UN Equity",3510,"Health Care Equipment & Servic","Centene Corp","CENTENE CORP"
"CTAS UW Equity",2020,"Commercial & Professional Serv","Cintas Corp","CINTAS CORP"
"CINF UW Equity",4030,"Insurance","Cincinnati Financial Corp","CINCINNATI FINANCIAL CORP"
"COP UN Equity",1010,"Energy","ConocoPhillips","CONOCOPHILLIPS"
"CTL UN Equity",5010,"Telecommunication Services","CenturyLink Inc","CENTURYLINK INC"
"CNP UN Equity",5510,"Utilities","CenterPoint Energy Inc","CENTERPOINT ENERGY INC"
"COST UW Equity",3010,"Food & Staples Retailing","Costco Wholesale Corp","COSTCO WHOLESALE CORP"
"CL UN Equity",3030,"Household & Personal Products","Colgate-Palmolive Co","COLGATE-PALMOLIVE CO"
"CTSH UW Equity",4510,"Software & Services","Cognizant Technology Solutions Corp","COGNIZANT TECH SOLUTIONS-A"
"COF UN Equity",4020,"Diversified Financials","Capital One Financial Corp","CAPITAL ONE FINANCIAL CORP"
"CTXS UW Equity",4510,"Software & Services","Citrix Systems Inc","CITRIX SYSTEMS INC"
"CPB UN Equity",3020,"Food Beverage & Tobacco","Campbell Soup Co","CAMPBELL SOUP CO"
"CPGX UN Equity",1010,"Energy","Columbia Pipeline Group Inc","COLUMBIA PIPELINE GROUP"
"CLX UN Equity",3030,"Household & Personal Products","Clorox Co/The","CLOROX COMPANY"
"CRM UN Equity",4510,"Software & Services","salesforce.com inc","SALESFORCE.COM INC"
"COG UN Equity",1010,"Energy","Cabot Oil & Gas Corp","CABOT OIL & GAS CORP"
"CVC UN Equity",2540,"Media","Cablevision Systems Corp","CABLEVISION SYSTEMS-NY GRP-A"
"CSCO UW Equity",4520,"Technology Hardware & Equipmen","Cisco Systems Inc","CISCO SYSTEMS INC"
"CMA UN Equity",4010,"Banks","Comerica Inc","COMERICA INC"
"CVX UN Equity",1010,"Energy","Chevron Corp","CHEVRON CORP"
"CVS UN Equity",3010,"Food & Staples Retailing","CVS Health Corp","CVS HEALTH CORP"
"CXO UN Equity",1010,"Energy","Concho Resources Inc","CONCHO RESOURCES INC"
"DGX UN Equity",3510,"Health Care Equipment & Servic","Quest Diagnostics Inc","QUEST DIAGNOSTICS INC"
"DNB UN Equity",2020,"Commercial & Professional Serv","Dun & Bradstreet Corp/The","DUN & BRADSTREET CORP"
"DHI UN Equity",2520,"Consumer Durables & Apparel","DR Horton Inc","DR HORTON INC"
"CMCSA UW Equity",2540,"Media","Comcast Corp","COMCAST CORP-CLASS A"
"DO UN Equity",1010,"Energy","Diamond Offshore Drilling Inc","DIAMOND OFFSHORE DRILLING"
"D UN Equity",5510,"Utilities","Dominion Resources Inc/VA","DOMINION RESOURCES INC/VA"
"DAL UN Equity",2030,"Transportation","Delta Air Lines Inc","DELTA AIR LINES INC"
"DVA UN Equity",3510,"Health Care Equipment & Servic","DaVita HealthCare Partners Inc","DAVITA HEALTHCARE PARTNERS I"
"DVN UN Equity",1010,"Energy","Devon Energy Corp","DEVON ENERGY CORP"
"DHR UN Equity",2010,"Capital Goods","Danaher Corp","DANAHER CORP"
"DOV UN Equity",2010,"Capital Goods","Dover Corp","DOVER CORP"
"DD UN Equity",1510,"Materials","EI du Pont de Nemours & Co","DU PONT (E.I.) DE NEMOURS"
"EA UW Equity",4510,"Software & Services","Electronic Arts Inc","ELECTRONIC ARTS INC"
"EBAY UW Equity",4510,"Software & Services","eBay Inc","EBAY INC"
"DIS UN Equity",2540,"Media","Walt Disney Co/The","WALT DISNEY CO/THE"
"DISCA UW Equity",2540,"Media","Discovery Communications Inc","DISCOVERY COMMUNICATIONS-A"
"DOW UN Equity",1510,"Materials","Dow Chemical Co/The","DOW CHEMICAL CO/THE"
"DISCK UW Equity",2540,"Media","Discovery Communications Inc","DISCOVERY COMMUNICATIONS-C"
"DLPH UN Equity",2510,"Automobiles & Components","Delphi Automotive PLC","DELPHI AUTOMOTIVE PLC"
"DPS UN Equity",3020,"Food Beverage & Tobacco","Dr Pepper Snapple Group Inc","DR PEPPER SNAPPLE GROUP INC"
"DE UN Equity",2010,"Capital Goods","Deere & Co","DEERE & CO"
"DFS UN Equity",4020,"Diversified Financials","Discover Financial Services","DISCOVER FINANCIAL SERVICES"
"DG UN Equity",2550,"Retailing","Dollar General Corp","DOLLAR GENERAL CORP"
"DLTR UW Equity",2550,"Retailing","Dollar Tree Inc","DOLLAR TREE INC"
"ECL UN Equity",1510,"Materials","Ecolab Inc","ECOLAB INC"
"DRI UN Equity",2530,"Consumer Services","Darden Restaurants Inc","DARDEN RESTAURANTS INC"
"EL UN Equity",3030,"Household & Personal Products","Estee Lauder Cos Inc/The","ESTEE LAUDER COMPANIES-CL A"
"EQT UN Equity",1010,"Energy","EQT Corp","EQT CORP"
"ED UN Equity",5510,"Utilities","Consolidated Edison Inc","CONSOLIDATED EDISON INC"
"DTE UN Equity",5510,"Utilities","DTE Energy Co","DTE ENERGY COMPANY"
"EMC UN Equity",4520,"Technology Hardware & Equipmen","EMC Corp/MA","EMC CORP/MA"
"EMN UN Equity",1510,"Materials","Eastman Chemical Co","EASTMAN CHEMICAL CO"
"ES UN Equity",5510,"Utilities","Eversource Energy","EVERSOURCE ENERGY"
"DUK UN Equity",5510,"Utilities","Duke Energy Corp","DUKE ENERGY CORP"
"EFX UN Equity",2020,"Commercial & Professional Serv","Equifax Inc","EQUIFAX INC"
"ESRX UW Equity",3510,"Health Care Equipment & Servic","Express Scripts Holding Co","EXPRESS SCRIPTS HOLDING CO"
"EMR UN Equity",2010,"Capital Goods","Emerson Electric Co","EMERSON ELECTRIC CO"
"ENDP UW Equity",3520,"Pharmaceuticals, Biotechnology","Endo International PLC","ENDO INTERNATIONAL PLC"
"EXC UN Equity",5510,"Utilities","Exelon Corp","EXELON CORP"
"EIX UN Equity",5510,"Utilities","Edison International","EDISON INTERNATIONAL"
"ESS UN Equity",4040,"Real Estate","Essex Property Trust Inc","ESSEX PROPERTY TRUST INC"
"ETFC UW Equity",4020,"Diversified Financials","E*TRADE Financial Corp","E*TRADE FINANCIAL CORP"
"EOG UN Equity",1010,"Energy","EOG Resources Inc","EOG RESOURCES INC"
"EQIX UW Equity",4040,"Real Estate","Equinix Inc","EQUINIX INC"
"EXPD UW Equity",2030,"Transportation","Expeditors International of Washington Inc","EXPEDITORS INTL WASH INC"
"FDX UN Equity",2030,"Transportation","FedEx Corp","FEDEX CORP"
"EXPE UW Equity",2550,"Retailing","Expedia Inc","EXPEDIA INC"
"EXR UN Equity",4040,"Real Estate","Extra Space Storage Inc","EXTRA SPACE STORAGE INC"
"FE UN Equity",5510,"Utilities","FirstEnergy Corp","FIRSTENERGY CORP"
"ETN UN Equity",2010,"Capital Goods","Eaton Corp PLC","EATON CORP PLC"
"EQR UN Equity",4040,"Real Estate","Equity Residential","EQUITY RESIDENTIAL"
"FFIV UW Equity",4520,"Technology Hardware & Equipmen","F5 Networks Inc","F5 NETWORKS INC"
"FLR UN Equity",2010,"Capital Goods","Fluor Corp","FLUOR CORP"
"FIS UN Equity",4510,"Software & Services","Fidelity National Information Services Inc","FIDELITY NATIONAL INFO SERV"
"ETR UN Equity",5510,"Utilities","Entergy Corp","ENTERGY CORP"
"F UN Equity",2510,"Automobiles & Components","Ford Motor Co","FORD MOTOR CO"
"FLS UN Equity",2010,"Capital Goods","Flowserve Corp","FLOWSERVE CORP"
"EW UN Equity",3510,"Health Care Equipment & Servic","Edwards Lifesciences Corp","EDWARDS LIFESCIENCES CORP"
"FTR UW Equity",5010,"Telecommunication Services","Frontier Communications Corp","FRONTIER COMMUNICATIONS CORP"
"FISV UW Equity",4510,"Software & Services","Fiserv Inc","FISERV INC"
"FAST UW Equity",2010,"Capital Goods","Fastenal Co","FASTENAL CO"
"FB UW Equity",4510,"Software & Services","Facebook Inc","FACEBOOK INC-A"
"FMC UN Equity",1510,"Materials","FMC Corp","FMC CORP"
"FOX UW Equity",2540,"Media","Twenty-First Century Fox Inc","TWENTY-FIRST CENTURY FOX - B"
"GAS UN Equity",5510,"Utilities","AGL Resources Inc","AGL RESOURCES INC"
"FOXA UW Equity",2540,"Media","Twenty-First Century Fox Inc","TWENTY-FIRST CENTURY FOX-A"
"FCX UN Equity",1510,"Materials","Freeport-McMoRan Inc","FREEPORT-MCMORAN INC"
"FITB UW Equity",4010,"Banks","Fifth Third Bancorp","FIFTH THIRD BANCORP"
"GM UN Equity",2510,"Automobiles & Components","General Motors Co","GENERAL MOTORS CO"
"GME UN Equity",2550,"Retailing","GameStop Corp","GAMESTOP CORP-CLASS A"
"GOOG UW Equity",4510,"Software & Services","Alphabet Inc","ALPHABET INC-CL C"
"GOOGL UW Equity",4510,"Software & Services","Alphabet Inc","ALPHABET INC-CL A"
"GD UN Equity",2010,"Capital Goods","General Dynamics Corp","GENERAL DYNAMICS CORP"
"FRT UN Equity",4040,"Real Estate","Federal Realty Investment Trust","FEDERAL REALTY INVS TRUST"
"FSLR UW Equity",4530,"Semiconductors & Semiconductor","First Solar Inc","FIRST SOLAR INC"
"FL UN Equity",2550,"Retailing","Foot Locker Inc","FOOT LOCKER INC"
"FTI UN Equity",1010,"Energy","FMC Technologies Inc","FMC TECHNOLOGIES INC"
"GT UW Equity",2510,"Automobiles & Components","Goodyear Tire & Rubber Co/The","GOODYEAR TIRE & RUBBER CO"
"GPC UN Equity",2550,"Retailing","Genuine Parts Co","GENUINE PARTS CO"
"GE UN Equity",2010,"Capital Goods","General Electric Co","GENERAL ELECTRIC CO"
"FLIR UW Equity",4520,"Technology Hardware & Equipmen","FLIR Systems Inc","FLIR SYSTEMS INC"
"GGP UN Equity",4040,"Real Estate","General Growth Properties Inc","GENERAL GROWTH PROPERTIES"
"GWW UN Equity",2010,"Capital Goods","WW Grainger Inc","WW GRAINGER INC"
"HCN UN Equity",4040,"Real Estate","Welltower Inc","WELLTOWER INC"
"GPS UN Equity",2550,"Retailing","Gap Inc/The","GAP INC/THE"
"GILD UW Equity",3520,"Pharmaceuticals, Biotechnology","Gilead Sciences Inc","GILEAD SCIENCES INC"
"GRMN UW Equity",2520,"Consumer Durables & Apparel","Garmin Ltd","GARMIN LTD"
"HAL UN Equity",1010,"Energy","Halliburton Co","HALLIBURTON CO"
"HCP UN Equity",4040,"Real Estate","HCP Inc","HCP INC"
"GS UN Equity",4020,"Diversified Financials","Goldman Sachs Group Inc/The","GOLDMAN SACHS GROUP INC"
"GIS UN Equity",3020,"Food Beverage & Tobacco","General Mills Inc","GENERAL MILLS INC"
"HAR UN Equity",2520,"Consumer Durables & Apparel","Harman International Industries Inc","HARMAN INTERNATIONAL"
"HAS UW Equity",2520,"Consumer Durables & Apparel","Hasbro Inc","HASBRO INC"
"HD UN Equity",2550,"Retailing","Home Depot Inc/The","HOME DEPOT INC"
"HOT UN Equity",2530,"Consumer Services","Starwood Hotels & Resorts Worldwide Inc","STARWOOD HOTELS & RESORTS"
"GLW UN Equity",4520,"Technology Hardware & Equipmen","Corning Inc","CORNING INC"
"HBAN UW Equity",4010,"Banks","Huntington Bancshares Inc/OH","HUNTINGTON BANCSHARES INC"
"HES UN Equity",1010,"Energy","Hess Corp","HESS CORP"
"HBI UN Equity",2520,"Consumer Durables & Apparel","Hanesbrands Inc","HANESBRANDS INC"
"HCA UN Equity",3510,"Health Care Equipment & Servic","HCA Holdings Inc","HCA HOLDINGS INC"
"HP UN Equity",1010,"Energy","Helmerich & Payne Inc","HELMERICH & PAYNE"
"HPE UN Equity",4520,"Technology Hardware & Equipmen","Hewlett Packard Enterprise Co","HEWLETT PACKARD ENTERPRIS"
"HST UN Equity",4040,"Real Estate","Host Hotels & Resorts Inc","HOST HOTELS & RESORTS INC"
"HIG UN Equity",4030,"Insurance","Hartford Financial Services Group Inc/The","HARTFORD FINANCIAL SVCS GRP"
"INTU UW Equity",4510,"Software & Services","Intuit Inc","INTUIT INC"
"HPQ UN Equity",4520,"Technology Hardware & Equipmen","HP Inc","HP INC"
"HSY UN Equity",3020,"Food Beverage & Tobacco","Hershey Co/The","HERSHEY CO/THE"
"HOG UN Equity",2510,"Automobiles & Components","Harley-Davidson Inc","HARLEY-DAVIDSON INC"
"IP UN Equity",1510,"Materials","International Paper Co","INTERNATIONAL PAPER CO"
"HRB UN Equity",2530,"Consumer Services","H&R Block Inc","H&R BLOCK INC"
"HOLX UW Equity",3510,"Health Care Equipment & Servic","Hologic Inc","HOLOGIC INC"
"HUM UN Equity",3510,"Health Care Equipment & Servic","Humana Inc","HUMANA INC"
"IPG UN Equity",2540,"Media","Interpublic Group of Cos Inc/The","INTERPUBLIC GROUP OF COS INC"
"HRL UN Equity",3020,"Food Beverage & Tobacco","Hormel Foods Corp","HORMEL FOODS CORP"
"HON UN Equity",2010,"Capital Goods","Honeywell International Inc","HONEYWELL INTERNATIONAL INC"
"IBM UN Equity",4510,"Software & Services","International Business Machines Corp","INTL BUSINESS MACHINES CORP"
"ICE UN Equity",4020,"Diversified Financials","Intercontinental Exchange Inc","INTERCONTINENTAL EXCHANGE IN"
"IR UN Equity",2010,"Capital Goods","Ingersoll-Rand PLC","INGERSOLL-RAND PLC"
"HRS UN Equity",4520,"Technology Hardware & Equipmen","Harris Corp","HARRIS CORP"
"IRM UN Equity",4040,"Real Estate","Iron Mountain Inc","IRON MOUNTAIN INC"
"JBHT UW Equity",2030,"Transportation","JB Hunt Transport Services Inc","HUNT (JB) TRANSPRT SVCS INC"
"IFF UN Equity",1510,"Materials","International Flavors & Fragrances Inc","INTL FLAVORS & FRAGRANCES"
"ISRG UW Equity",3510,"Health Care Equipment & Servic","Intuitive Surgical Inc","INTUITIVE SURGICAL INC"
"HSIC UW Equity",3510,"Health Care Equipment & Servic","Henry Schein Inc","HENRY SCHEIN INC"
"ILMN UW Equity",3520,"Pharmaceuticals, Biotechnology","Illumina Inc","ILLUMINA INC"
"KEY UN Equity",4010,"Banks","KeyCorp","KEYCORP"
"KHC UW Equity",3020,"Food Beverage & Tobacco","Kraft Heinz Co/The","KRAFT HEINZ CO/THE"
"JCI UN Equity",2510,"Automobiles & Components","Johnson Controls Inc","JOHNSON CONTROLS INC"
"ITW UN Equity",2010,"Capital Goods","Illinois Tool Works Inc","ILLINOIS TOOL WORKS"
"INTC UW Equity",4530,"Semiconductors & Semiconductor","Intel Corp","INTEL CORP"
"KORS UN Equity",2520,"Consumer Durables & Apparel","Michael Kors Holdings Ltd","MICHAEL KORS HOLDINGS LTD"
"KIM UN Equity",4040,"Real Estate","Kimco Realty Corp","KIMCO REALTY CORP"
"IVZ UN Equity",4020,"Diversified Financials","Invesco Ltd","INVESCO LTD"
"JEC UN Equity",2010,"Capital Goods","Jacobs Engineering Group Inc","JACOBS ENGINEERING GROUP INC"
"LH UN Equity",3510,"Health Care Equipment & Servic","Laboratory Corp of America Holdings","LABORATORY CRP OF AMER HLDGS"
"KR UN Equity",3010,"Food & Staples Retailing","Kroger Co/The","KROGER CO"
"KLAC UW Equity",4530,"Semiconductors & Semiconductor","KLA-Tencor Corp","KLA-TENCOR CORP"
"LLL UN Equity",2010,"Capital Goods","L-3 Communications Holdings Inc","L-3 COMMUNICATIONS HOLDINGS"
"JNJ UN Equity",3520,"Pharmaceuticals, Biotechnology","Johnson & Johnson","JOHNSON & JOHNSON"
"JNPR UN Equity",4520,"Technology Hardware & Equipmen","Juniper Networks Inc","JUNIPER NETWORKS INC"
"KSS UN Equity",2550,"Retailing","Kohl's Corp","KOHLS CORP"
"KMB UN Equity",3030,"Household & Personal Products","Kimberly-Clark Corp","KIMBERLY-CLARK CORP"
"KMI UN Equity",1010,"Energy","Kinder Morgan Inc/DE","KINDER MORGAN INC"
"LLTC UW Equity",4530,"Semiconductors & Semiconductor","Linear Technology Corp","LINEAR TECHNOLOGY CORP"
"JPM UN Equity",4010,"Banks","JPMorgan Chase & Co","JPMORGAN CHASE & CO"
"KMX UN Equity",2550,"Retailing","CarMax Inc","CARMAX INC"
"KSU UN Equity",2030,"Transportation","Kansas City Southern","KANSAS CITY SOUTHERN"
"JWN UN Equity",2550,"Retailing","Nordstrom Inc","NORDSTROM INC"
"LLY UN Equity",3520,"Pharmaceuticals, Biotechnology","Eli Lilly & Co","ELI LILLY & CO"
"KO UN Equity",3020,"Food Beverage & Tobacco","Coca-Cola Co/The","COCA-COLA CO/THE"
"L UN Equity",4030,"Insurance","Loews Corp","LOEWS CORP"
"K UN Equity",3020,"Food Beverage & Tobacco","Kellogg Co","KELLOGG CO"
"MAR UW Equity",2530,"Consumer Services","Marriott International Inc/MD","MARRIOTT INTERNATIONAL -CL A"
"LM UN Equity",4020,"Diversified Financials","Legg Mason Inc","LEGG MASON INC"
"LRCX UW Equity",4530,"Semiconductors & Semiconductor","Lam Research Corp","LAM RESEARCH CORP"
"LB UN Equity",2550,"Retailing","L Brands Inc","L BRANDS INC"
"LMT UN Equity",2010,"Capital Goods","Lockheed Martin Corp","LOCKHEED MARTIN CORP"
"MAS UN Equity",2010,"Capital Goods","Masco Corp","MASCO CORP"
"MAT UW Equity",2520,"Consumer Durables & Apparel","Mattel Inc","MATTEL INC"
"LUK UN Equity",4020,"Diversified Financials","Leucadia National Corp","LEUCADIA NATIONAL CORP"
"LEG UN Equity",2520,"Consumer Durables & Apparel","Leggett & Platt Inc","LEGGETT & PLATT INC"
"LNC UN Equity",4030,"Insurance","Lincoln National Corp","LINCOLN NATIONAL CORP"
"MCD UN Equity",2530,"Consumer Services","McDonald's Corp","MCDONALD'S CORP"
"LUV UN Equity",2030,"Transportation","Southwest Airlines Co","SOUTHWEST AIRLINES CO"
"LVLT UN Equity",5010,"Telecommunication Services","Level 3 Communications Inc","LEVEL 3 COMMUNICATIONS INC"
"LEN UN Equity",2520,"Consumer Durables & Apparel","Lennar Corp","LENNAR CORP-A"
"MCHP UW Equity",4530,"Semiconductors & Semiconductor","Microchip Technology Inc","MICROCHIP TECHNOLOGY INC"
"LYB UN Equity",1510,"Materials","LyondellBasell Industries NV","LYONDELLBASELL INDU-CL A"
"LOW UN Equity",2550,"Retailing","Lowe's Cos Inc","LOWE'S COS INC"
"MCK UN Equity",3510,"Health Care Equipment & Servic","McKesson Corp","MCKESSON CORP"
"M UN Equity",2550,"Retailing","Macy's Inc","MACY'S INC"
"MA UN Equity",4510,"Software & Services","MasterCard Inc","MASTERCARD INC-CLASS A"
"MDT UN Equity",3510,"Health Care Equipment & Servic","Medtronic PLC","MEDTRONIC PLC"
"MCO UN Equity",4020,"Diversified Financials","Moody's Corp","MOODY'S CORP"
"MDLZ UW Equity",3020,"Food Beverage & Tobacco","Mondelez International Inc","MONDELEZ INTERNATIONAL INC-A"
"MMM UN Equity",2010,"Capital Goods","3M Co","3M CO"
"MNK UN Equity",3520,"Pharmaceuticals, Biotechnology","Mallinckrodt PLC","MALLINCKRODT PLC"
"MET UN Equity",4030,"Insurance","MetLife Inc","METLIFE INC"
"MAC UN Equity",4040,"Real Estate","Macerich Co/The","MACERICH CO/THE"
"NAVI UW Equity",4020,"Diversified Financials","Navient Corp","NAVIENT CORP"
"MRO UN Equity",1010,"Energy","Marathon Oil Corp","MARATHON OIL CORP"
"MNST UW Equity",3020,"Food Beverage & Tobacco","Monster Beverage Corp","MONSTER BEVERAGE CORP"
"MHFI UN Equity",4020,"Diversified Financials","McGraw Hill Financial Inc","MCGRAW HILL FINANCIAL INC"
"MS UN Equity",4020,"Diversified Financials","Morgan Stanley","MORGAN STANLEY"
"NBL UN Equity",1010,"Energy","Noble Energy Inc","NOBLE ENERGY INC"
"MHK UN Equity",2520,"Consumer Durables & Apparel","Mohawk Industries Inc","MOHAWK INDUSTRIES INC"
"NDAQ UW Equity",4020,"Diversified Financials","Nasdaq Inc","NASDAQ INC"
"MJN UN Equity",3020,"Food Beverage & Tobacco","Mead Johnson Nutrition Co","MEAD JOHNSON NUTRITION CO"
"MO UN Equity",3020,"Food Beverage & Tobacco","Altria Group Inc","ALTRIA GROUP INC"
"MKC UN Equity",3020,"Food Beverage & Tobacco","McCormick & Co Inc/MD","MCCORMICK & CO-NON VTG SHRS"
"MON UN Equity",1510,"Materials","Monsanto Co","MONSANTO CO"
"MSFT UW Equity",4510,"Software & Services","Microsoft Corp","MICROSOFT CORP"
"MOS UN Equity",1510,"Materials","Mosaic Co/The","MOSAIC CO/THE"
"MPC UN Equity",1010,"Energy","Marathon Petroleum Corp","MARATHON PETROLEUM CORP"
"NEE UN Equity",5510,"Utilities","NextEra Energy Inc","NEXTERA ENERGY INC"
"MLM UN Equity",1510,"Materials","Martin Marietta Materials Inc","MARTIN MARIETTA MATERIALS"
"MSI UN Equity",4520,"Technology Hardware & Equipmen","Motorola Solutions Inc","MOTOROLA SOLUTIONS INC"
"MRK UN Equity",3520,"Pharmaceuticals, Biotechnology","Merck & Co Inc","MERCK & CO. INC."
"NEM UN Equity",1510,"Materials","Newmont Mining Corp","NEWMONT MINING CORP"
"MTB UN Equity",4010,"Banks","M&T Bank Corp","M & T BANK CORP"
"MU UW Equity",4530,"Semiconductors & Semiconductor","Micron Technology Inc","MICRON TECHNOLOGY INC"
"MMC UN Equity",4030,"Insurance","Marsh & McLennan Cos Inc","MARSH & MCLENNAN COS"
"NFLX UW Equity",2550,"Retailing","Netflix Inc","NETFLIX INC"
"NKE UN Equity",2520,"Consumer Durables & Apparel","NIKE Inc","NIKE INC -CL B"
"NLSN UN Equity",2020,"Commercial & Professional Serv","Nielsen Holdings PLC","NIELSEN HOLDINGS PLC"
"NFX UN Equity",1010,"Energy","Newfield Exploration Co","NEWFIELD EXPLORATION CO"
"MUR UN Equity",1010,"Energy","Murphy Oil Corp","MURPHY OIL CORP"
"NUE UN Equity",1510,"Materials","Nucor Corp","NUCOR CORP"
"MYL UW Equity",3520,"Pharmaceuticals, Biotechnology","Mylan NV","MYLAN NV"
"NVDA UW Equity",4530,"Semiconductors & Semiconductor","NVIDIA Corp","NVIDIA CORP"
"NOC UN Equity",2010,"Capital Goods","Northrop Grumman Corp","NORTHROP GRUMMAN CORP"
"NI UN Equity",5510,"Utilities","NiSource Inc","NISOURCE INC"
"OMC UN Equity",2540,"Media","Omnicom Group Inc","OMNICOM GROUP"
"ORCL UN Equity",4510,"Software & Services","Oracle Corp","ORACLE CORP"
"NOV UN Equity",1010,"Energy","National Oilwell Varco Inc","NATIONAL OILWELL VARCO INC"
"NRG UN Equity",5510,"Utilities","NRG Energy Inc","NRG ENERGY INC"
"NWL UN Equity",2520,"Consumer Durables & Apparel","Newell Rubbermaid Inc","NEWELL RUBBERMAID INC"
"NWS UW Equity",2540,"Media","News Corp","NEWS CORP - CLASS B"
"NWSA UW Equity",2540,"Media","News Corp","NEWS CORP - CLASS A"
"ORLY UW Equity",2550,"Retailing","O'Reilly Automotive Inc","O'REILLY AUTOMOTIVE INC"
"PCG UN Equity",5510,"Utilities","PG&E Corp","P G & E CORP"
"PCLN UW Equity",2550,"Retailing","Priceline Group Inc/The","PRICELINE GROUP INC/THE"
"O UN Equity",4040,"Real Estate","Realty Income Corp","REALTY INCOME CORP"
"NSC UN Equity",2030,"Transportation","Norfolk Southern Corp","NORFOLK SOUTHERN CORP"
"OXY UN Equity",1010,"Energy","Occidental Petroleum Corp","OCCIDENTAL PETROLEUM CORP"
"PDCO UW Equity",3510,"Health Care Equipment & Servic","Patterson Cos Inc","PATTERSON COS INC"
"NTAP UW Equity",4520,"Technology Hardware & Equipmen","NetApp Inc","NETAPP INC"
"OI UN Equity",1510,"Materials","Owens-Illinois Inc","OWENS-ILLINOIS INC"
"PAYX UW Equity",4510,"Software & Services","Paychex Inc","PAYCHEX INC"
"PEG UN Equity",5510,"Utilities","Public Service Enterprise Group Inc","PUBLIC SERVICE ENTERPRISE GP"
"NTRS UW Equity",4020,"Diversified Financials","Northern Trust Corp","NORTHERN TRUST CORP"
"OKE UN Equity",1010,"Energy","ONEOK Inc","ONEOK INC"
"PBCT UW Equity",4010,"Banks","People's United Financial Inc","PEOPLE'S UNITED FINANCIAL"
"PGR UN Equity",4030,"Insurance","Progressive Corp/The","PROGRESSIVE CORP"
"PEP UN Equity",3020,"Food Beverage & Tobacco","PepsiCo Inc","PEPSICO INC"
"PNW UN Equity",5510,"Utilities","Pinnacle West Capital Corp","PINNACLE WEST CAPITAL"
"PBI UN Equity",2020,"Commercial & Professional Serv","Pitney Bowes Inc","PITNEY BOWES INC"
"PH UN Equity",2010,"Capital Goods","Parker-Hannifin Corp","PARKER HANNIFIN CORP"
"PFE UN Equity",3520,"Pharmaceuticals, Biotechnology","Pfizer Inc","PFIZER INC"
"PPG UN Equity",1510,"Materials","PPG Industries Inc","PPG INDUSTRIES INC"
"PFG UN Equity",4030,"Insurance","Principal Financial Group Inc","PRINCIPAL FINANCIAL GROUP"
"PCAR UW Equity",2010,"Capital Goods","PACCAR Inc","PACCAR INC"
"PHM UN Equity",2520,"Consumer Durables & Apparel","PulteGroup Inc","PULTEGROUP INC"
"PPL UN Equity",5510,"Utilities","PPL Corp","PPL CORP"
"PRGO UN Equity",3520,"Pharmaceuticals, Biotechnology","Perrigo Co PLC","PERRIGO CO PLC"
"PG UN Equity",3030,"Household & Personal Products","Procter & Gamble Co/The","PROCTER & GAMBLE CO/THE"
"PWR UN Equity",2010,"Capital Goods","Quanta Services Inc","QUANTA SERVICES INC"
"PRU UN Equity",4030,"Insurance","Prudential Financial Inc","PRUDENTIAL FINANCIAL INC"
"PKI UN Equity",3520,"Pharmaceuticals, Biotechnology","PerkinElmer Inc","PERKINELMER INC"
"RCL UN Equity",2530,"Consumer Services","Royal Caribbean Cruises Ltd","ROYAL CARIBBEAN CRUISES LTD"
"PX UN Equity",1510,"Materials","Praxair Inc","PRAXAIR INC"
"PLD UN Equity",4040,"Real Estate","Prologis Inc","PROLOGIS INC"
"PSA UN Equity",4040,"Real Estate","Public Storage","PUBLIC STORAGE"
"PSX UN Equity",1010,"Energy","Phillips 66","PHILLIPS 66"
"PM UN Equity",3020,"Food Beverage & Tobacco","Philip Morris International Inc","PHILIP MORRIS INTERNATIONAL"
"PXD UN Equity",1010,"Energy","Pioneer Natural Resources Co","PIONEER NATURAL RESOURCES CO"
"PYPL UW Equity",4510,"Software & Services","PayPal Holdings Inc","PAYPAL HOLDINGS INC"
"REGN UW Equity",3520,"Pharmaceuticals, Biotechnology","Regeneron Pharmaceuticals Inc","REGENERON PHARMACEUTICALS"
"RF UN Equity",4010,"Banks","Regions Financial Corp","REGIONS FINANCIAL CORP"
"QCOM UW Equity",4530,"Semiconductors & Semiconductor","QUALCOMM Inc","QUALCOMM INC"
"QRVO UW Equity",4530,"Semiconductors & Semiconductor","Qorvo Inc","QORVO INC"
"PNC UN Equity",4010,"Banks","PNC Financial Services Group Inc/The","PNC FINANCIAL SERVICES GROUP"
"PVH UN Equity",2520,"Consumer Durables & Apparel","PVH Corp","PVH CORP"
"RHI UN Equity",2020,"Commercial & Professional Serv","Robert Half International Inc","ROBERT HALF INTL INC"
"PNR UN Equity",2010,"Capital Goods","Pentair PLC","PENTAIR PLC"
"ROP UN Equity",2010,"Capital Goods","Roper Technologies Inc","ROPER TECHNOLOGIES INC"
"RHT UN Equity",4510,"Software & Services","Red Hat Inc","RED HAT INC"
"SE UN Equity",1010,"Energy","Spectra Energy Corp","SPECTRA ENERGY CORP"
"R UN Equity",2030,"Transportation","Ryder System Inc","RYDER SYSTEM INC"
"SEE UN Equity",1510,"Materials","Sealed Air Corp","SEALED AIR CORP"
"RIG UN Equity",1010,"Energy","Transocean Ltd","TRANSOCEAN LTD"
"RAI UN Equity",3020,"Food Beverage & Tobacco","Reynolds American Inc","REYNOLDS AMERICAN INC"
"ROST UW Equity",2550,"Retailing","Ross Stores Inc","ROSS STORES INC"
"RL UN Equity",2520,"Consumer Durables & Apparel","Ralph Lauren Corp","RALPH LAUREN CORP"
"SNDK UW Equity",4520,"Technology Hardware & Equipmen","SanDisk Corp","SANDISK CORP"
"SNI UW Equity",2540,"Media","Scripps Networks Interactive Inc","SCRIPPS NETWORKS INTER-CL A"
"SHW UN Equity",1510,"Materials","Sherwin-Williams Co/The","SHERWIN-WILLIAMS CO/THE"
"ROK UN Equity",2010,"Capital Goods","Rockwell Automation Inc","ROCKWELL AUTOMATION INC"
"RRC UN Equity",1010,"Energy","Range Resources Corp","RANGE RESOURCES CORP"
"SIG UN Equity",2550,"Retailing","Signet Jewelers Ltd","SIGNET JEWELERS LTD"
"STJ UN Equity",3510,"Health Care Equipment & Servic","St Jude Medical Inc","ST JUDE MEDICAL INC"
"RSG UN Equity",2020,"Commercial & Professional Serv","Republic Services Inc","REPUBLIC SERVICES INC"
"SO UN Equity",5510,"Utilities","Southern Co/The","SOUTHERN CO/THE"
"SJM UN Equity",3020,"Food Beverage & Tobacco","JM Smucker Co/The","JM SMUCKER CO/THE"
"STT UN Equity",4020,"Diversified Financials","State Street Corp","STATE STREET CORP"
"STX UW Equity",4520,"Technology Hardware & Equipmen","Seagate Technology PLC","SEAGATE TECHNOLOGY"
"SPG UN Equity",4040,"Real Estate","Simon Property Group Inc","SIMON PROPERTY GROUP INC"
"STZ UN Equity",3020,"Food Beverage & Tobacco","Constellation Brands Inc","CONSTELLATION BRANDS INC-A"
"RTN UN Equity",2010,"Capital Goods","Raytheon Co","RAYTHEON COMPANY"
"SLB UN Equity",1010,"Energy","Schlumberger Ltd","SCHLUMBERGER LTD"
"SPLS UW Equity",2550,"Retailing","Staples Inc","STAPLES INC"
"SBUX UW Equity",2530,"Consumer Services","Starbucks Corp","STARBUCKS CORP"
"SWK UN Equity",2010,"Capital Goods","Stanley Black & Decker Inc","STANLEY BLACK & DECKER INC"
"SLG UN Equity",4040,"Real Estate","SL Green Realty Corp","SL GREEN REALTY CORP"
"SRCL UW Equity",2020,"Commercial & Professional Serv","Stericycle Inc","STERICYCLE INC"
"SRE UN Equity",5510,"Utilities","Sempra Energy","SEMPRA ENERGY"
"SCG UN Equity",5510,"Utilities","SCANA Corp","SCANA CORP"
"SWKS UW Equity",4530,"Semiconductors & Semiconductor","Skyworks Solutions Inc","SKYWORKS SOLUTIONS INC"
"SNA UN Equity",2010,"Capital Goods","Snap-on Inc","SNAP-ON INC"
"SCHW UN Equity",4020,"Diversified Financials","Charles Schwab Corp/The","SCHWAB (CHARLES) CORP"
"STI UN Equity",4010,"Banks","SunTrust Banks Inc","SUNTRUST BANKS INC"
"SYK UN Equity",3510,"Health Care Equipment & Servic","Stryker Corp","STRYKER CORP"
"SWN UN Equity",1010,"Energy","Southwestern Energy Co","SOUTHWESTERN ENERGY CO"
"SYF UN Equity",4020,"Diversified Financials","Synchrony Financial","SYNCHRONY FINANCIAL"
"TXN UW Equity",4530,"Semiconductors & Semiconductor","Texas Instruments Inc","TEXAS INSTRUMENTS INC"
"TGNA UN Equity",2540,"Media","TEGNA Inc","TEGNA INC"
"SYMC UW Equity",4510,"Software & Services","Symantec Corp","SYMANTEC CORP"
"TROW UW Equity",4020,"Diversified Financials","T Rowe Price Group Inc","T ROWE PRICE GROUP INC"
"TXT UN Equity",2010,"Capital Goods","Textron Inc","TEXTRON INC"
"TGT UN Equity",2550,"Retailing","Target Corp","TARGET CORP"
"SYY UN Equity",3010,"Food & Staples Retailing","Sysco Corp","SYSCO CORP"
"TRV UN Equity",4030,"Insurance","Travelers Cos Inc/The","TRAVELERS COS INC/THE"
"TYC UN Equity",2020,"Commercial & Professional Serv","Tyco International Plc","TYCO INTERNATIONAL PLC"
"UA UN Equity",2520,"Consumer Durables & Apparel","Under Armour Inc","UNDER ARMOUR INC-CLASS A"
"TSCO UW Equity",2550,"Retailing","Tractor Supply Co","TRACTOR SUPPLY COMPANY"
"UAL UN Equity",2030,"Transportation","United Continental Holdings Inc","UNITED CONTINENTAL HOLDINGS"
"THC UN Equity",3510,"Health Care Equipment & Servic","Tenet Healthcare Corp","TENET HEALTHCARE CORP"
"T UN Equity",5010,"Telecommunication Services","AT&T Inc","AT&T INC"
"TSN UN Equity",3020,"Food Beverage & Tobacco","Tyson Foods Inc","TYSON FOODS INC-CL A"
"TAP UN Equity",3020,"Food Beverage & Tobacco","Molson Coors Brewing Co","MOLSON COORS BREWING CO -B"
"TDC UN Equity",4510,"Software & Services","Teradata Corp","TERADATA CORP"
"UDR UN Equity",4040,"Real Estate","UDR Inc","UDR INC"
"TIF UN Equity",2550,"Retailing","Tiffany & Co","TIFFANY & CO"
"TSO UN Equity",1010,"Energy","Tesoro Corp","TESORO CORP"
"UHS UN Equity",3510,"Health Care Equipment & Servic","Universal Health Services Inc","UNIVERSAL HEALTH SERVICES-B"
"TE UN Equity",5510,"Utilities","TECO Energy Inc","TECO ENERGY INC"
"TEL UN Equity",4520,"Technology Hardware & Equipmen","TE Connectivity Ltd","TE CONNECTIVITY LTD"
"TJX UN Equity",2550,"Retailing","TJX Cos Inc/The","TJX COMPANIES INC"
"UNH UN Equity",3510,"Health Care Equipment & Servic","UnitedHealth Group Inc","UNITEDHEALTH GROUP INC"
"TSS UN Equity",4510,"Software & Services","Total System Services Inc","TOTAL SYSTEM SERVICES INC"
"TWC UN Equity",2540,"Media","Time Warner Cable Inc","TIME WARNER CABLE"
"UNM UN Equity",4030,"Insurance","Unum Group","UNUM GROUP"
"TMK UN Equity",4030,"Insurance","Torchmark Corp","TORCHMARK CORP"
"TWX UN Equity",2540,"Media","Time Warner Inc","TIME WARNER INC"
"VAR UN Equity",3510,"Health Care Equipment & Servic","Varian Medical Systems Inc","VARIAN MEDICAL SYSTEMS INC"
"VRTX UW Equity",3520,"Pharmaceuticals, Biotechnology","Vertex Pharmaceuticals Inc","VERTEX PHARMACEUTICALS INC"
"TMO UN Equity",3520,"Pharmaceuticals, Biotechnology","Thermo Fisher Scientific Inc","THERMO FISHER SCIENTIFIC INC"
"UNP UN Equity",2030,"Transportation","Union Pacific Corp","UNION PACIFIC CORP"
"TRIP UW Equity",2550,"Retailing","TripAdvisor Inc","TRIPADVISOR INC"
"UPS UN Equity",2030,"Transportation","United Parcel Service Inc","UNITED PARCEL SERVICE-CL B"
"VFC UN Equity",2520,"Consumer Durables & Apparel","VF Corp","VF CORP"
"VIAB UW Equity",2540,"Media","Viacom Inc","VIACOM INC-CLASS B"
"VTR UN Equity",4040,"Real Estate","Ventas Inc","VENTAS INC"
"WFM UW Equity",3010,"Food & Staples Retailing","Whole Foods Market Inc","WHOLE FOODS MARKET INC"
"URBN UW Equity",2550,"Retailing","Urban Outfitters Inc","URBAN OUTFITTERS INC"
"VLO UN Equity",1010,"Energy","Valero Energy Corp","VALERO ENERGY CORP"
"URI UN Equity",2010,"Capital Goods","United Rentals Inc","UNITED RENTALS INC"
"VZ UN Equity",5010,"Telecommunication Services","Verizon Communications Inc","VERIZON COMMUNICATIONS INC"
"WHR UN Equity",2520,"Consumer Durables & Apparel","Whirlpool Corp","WHIRLPOOL CORP"
"WLTW UW Equity",4030,"Insurance","Willis Towers Watson PLC","WILLIS TOWERS WATSON PLC"
"VMC UN Equity",1510,"Materials","Vulcan Materials Co","VULCAN MATERIALS CO"
"WAT UN Equity",3520,"Pharmaceuticals, Biotechnology","Waters Corp","WATERS CORP"
"WBA UW Equity",3010,"Food & Staples Retailing","Walgreens Boots Alliance Inc","WALGREENS BOOTS ALLIANCE INC"
"WDC UW Equity",4520,"Technology Hardware & Equipmen","Western Digital Corp","WESTERN DIGITAL CORP"
"WM UN Equity",2020,"Commercial & Professional Serv","Waste Management Inc","WASTE MANAGEMENT INC"
"USB UN Equity",4010,"Banks","US Bancorp","US BANCORP"
"VNO UN Equity",4040,"Real Estate","Vornado Realty Trust","VORNADO REALTY TRUST"
"VRSK UW Equity",2020,"Commercial & Professional Serv","Verisk Analytics Inc","VERISK ANALYTICS INC"
"WEC UN Equity",5510,"Utilities","WEC Energy Group Inc","WEC ENERGY GROUP INC"
"WMB UN Equity",1010,"Energy","Williams Cos Inc/The","WILLIAMS COS INC"
"UTX UN Equity",2010,"Capital Goods","United Technologies Corp","UNITED TECHNOLOGIES CORP"
"VRSN UW Equity",4510,"Software & Services","VeriSign Inc","VERISIGN INC"
"V UN Equity",4510,"Software & Services","Visa Inc","VISA INC-CLASS A SHARES"
"WFC UN Equity",4010,"Banks","Wells Fargo & Co","WELLS FARGO & CO"
"WMT UN Equity",3010,"Food & Staples Retailing","Wal-Mart Stores Inc","WAL-MART STORES INC"
"WRK UN Equity",1510,"Materials","WestRock Co","WESTROCK CO"
"WU UN Equity",4510,"Software & Services","Western Union Co/The","WESTERN UNION CO"
"WY UN Equity",4040,"Real Estate","Weyerhaeuser Co","WEYERHAEUSER CO"
"XRAY UW Equity",3510,"Health Care Equipment & Servic","DENTSPLY SIRONA Inc","DENTSPLY SIRONA INC"
"WYN UN Equity",2530,"Consumer Services","Wyndham Worldwide Corp","WYNDHAM WORLDWIDE CORP"
"WYNN UW Equity",2530,"Consumer Services","Wynn Resorts Ltd","WYNN RESORTS LTD"
"XEC UN Equity",1010,"Energy","Cimarex Energy Co","CIMAREX ENERGY CO"
"XRX UN Equity",4510,"Software & Services","Xerox Corp","XEROX CORP"
"XYL UN Equity",2010,"Capital Goods","Xylem Inc/NY","XYLEM INC"
"YHOO UW Equity",4510,"Software & Services","Yahoo! Inc","YAHOO! INC"
"XEL UN Equity",5510,"Utilities","Xcel Energy Inc","XCEL ENERGY INC"
"YUM UN Equity",2530,"Consumer Services","Yum! Brands Inc","YUM! BRANDS INC"
"ZBH UN Equity",3510,"Health Care Equipment & Servic","Zimmer Biomet Holdings Inc","ZIMMER BIOMET HOLDINGS INC"
"XL UN Equity",4030,"Insurance","XL Group PLC","XL GROUP PLC"
"XLNX UW Equity",4530,"Semiconductors & Semiconductor","Xilinx Inc","XILINX INC"
"ZION UW Equity",4010,"Banks","Zions Bancorporation","ZIONS BANCORPORATION"
"ZTS UN Equity",3520,"Pharmaceuticals, Biotechnology","Zoetis Inc","ZOETIS INC"
"XOM UN Equity",1010,"Energy","Exxon Mobil Corp","EXXON MOBIL CORP"
